Order_Id,Order_Date,Order_Price,Items,Restaurant_Name,Restaurant_Rating,Restaurant_Type,Order_Time,Order_Month,Order_Day,Order_Year,Meal_Type,Meal,Rating >= 4, 
3638468654,2022-01-17,₹142.60,1 x KitKat White Chocolate Waffle,XO Belgian Waffle,4.3,Dessert Parlor',23:37:00,January,Monday,2022,Veg,Dinner,Yes,
3110999423,2022-01-17,₹101.78,1 x Brownie Blast Sundae,Sundae Everyday Ice Creams,4.2,NA,23:33:00,January,Monday,2022,Veg,Dinner,Yes,
2453120959,2022-01-17,₹279.32,"1 x 2 Chapati with Rice chicken Meal, 1 x 4 Chapati with Chicken Curry and Pickle Meal",Grub@99,3.6,Quick Bites',14:49:00,January,Monday,2022,Non Veg,Lunch,No,
3932158375,2022-01-16,₹125.07,1 x [Under 600 Calories] Chole Kulcha Lunchbox,LunchBox - Meals and Thalis,4.2,NA,18:47:00,January,Sunday,2022,Veg,Snacks,Yes,
2812650336,2022-01-09,₹157.65,"1 x Crispy Veg Double Patty Burger, 1 x Tikki Twist Double Patty Burger, 1 x Veggie Strips (5 Pieces)",Burger King,4.1,Quick Bites',22:27:00,January,Sunday,2022,Veg,Dinner,Yes,
3004869453,2022-01-08,₹265.62,"1 x Boneless Special Chicken BiryaniSpecial Chicken Biryani, 1 x Gulab Jamun [2 Pieces]",Biryani Pot,4,Casual Dining',16:10:00,January,Saturday,2022,Non Veg,Snacks,Yes,
2154506380,2022-01-08,₹189.35,1 x Devils Death By Chocolate,The Bangalore Creamery,4.2,NA,2:33:00,January,Saturday,2022,Veg,Dinner,Yes,
2656404958,2022-01-07,₹635.70,1 x Funtastic4 - Veg,Pizza Hut,3,Casual Dining',22:01:00,January,Friday,2022,Veg,Dinner,No,
2337155955,2022-01-04,₹414.62,"1 x Hyderabadi Chicken Dum Biryani Kabab Combo, 1 x Special Chicken Biryani Dessert Combo",Biryani Trip,4.1,NA,22:33:00,January,Tuesday,2022,Non Veg,Dinner,Yes,
2590043227,2022-01-03,₹167.68,"1 x Kota Kachori Piece, 2 x Alu Pyaz Kachori Piece, 1 x Moong Badam Halwa 100 gms, 1 x Alu Tikiya Plate",Falahaar & Kota Kachori,3.9,NA,18:12:00,January,Monday,2022,Veg,Snacks,No,
2888004400,2021-12-31,₹553.40,1 x New Year Red Velvet Cake,CakeZone,3.9,NA,23:03:00,December,Friday,2021,Veg,Dinner,No,
2179894037,2021-12-31,₹552,"1 x Moroccan Spice Pasta Pizza - Veg, 1 x Veg Parcel, 1 x Indi Chicken Tikka",Domino's Pizza,3.7,Quick Bites',21:30:00,December,Friday,2021,Non Veg,Dinner,No,
2192590590,2021-12-28,₹218.50,"3 x Masala Poha, 1 x Indori Poha",Poha On Wheels,4.4,NA,12:13:00,December,Tuesday,2021,Veg,Lunch,Yes,
3791899721,2021-12-27,₹282.90,"1 x Paneer Biryani (Serves 1), 1 x Veg Biryani (Serves 1)",LunchBox - Meals and Thalis,4.2,NA,20:52:00,December,Monday,2021,Veg,Dinner,Yes,
3892808299,2021-12-24,₹298.70,"1 x Paneer Kulcha with Pindi Chole, 1 x Paneer Kulcha with Paneer Butter Masala, 1 x 2 Aloo Kulcha",Kulcha Haveli,3.7,Quick Bites',15:19:00,December,Friday,2021,Veg,Lunch,No,
3225382867,2021-12-21,₹221.80,1 x Royal Butterscotch Sundae,Corner House Ice Creams,4.5,Dessert Parlor',22:37:00,December,Tuesday,2021,Veg,Dinner,Yes,
3560929321,2021-12-20,₹206.95,1 x Hyderabadi Chicken Biryani (bone Cut Pieces),Basmati Biriyani Nation,3.6,NA,15:46:00,December,Monday,2021,Non Veg,Lunch,No,
3893656091,2021-12-20,₹122.65,1 x Chole Kulcha Lunchbox,LunchBox - Meals and Thalis,4.2,NA,1:22:00,December,Monday,2021,Veg,Dinner,Yes,
2970291902,2021-11-30,₹182.45,1 x Shahi Punjabi Thali,Punjabi Nukkad Pure Veg,4.1,Quick Bites',22:22:00,November,Tuesday,2021,Veg,Dinner,Yes,
2174987154,2021-11-28,₹164.45,1 x Boneless Chicken Bagara Biryani,Andhra Gunpowder,4,NA,20:38:00,November,Sunday,2021,Non Veg,Dinner,Yes,
3128506303,2021-11-22,₹185.40,"1 x Ghee Loaded Moong Dal Khichdi, 1 x Aromatic Mix Veg Khichdi",Khichdi Express,4.1,NA,19:45:00,November,Monday,2021,Veg,Dinner,Yes,
3709651278,2021-11-16,₹132.95,1 x Power Protein Paneer Sandwich,FreshMenu,3.7,NA,22:30:00,November,Tuesday,2021,Veg,Dinner,No,
3572457161,2021-11-15,₹306.45,"1 x Peri Peri French Fries, 1 x Chicken Peri Peri Popcorn, 1 x Thums Up - 250 ml",Snack House,3.8,NA,0:07:00,November,Monday,2021,Non Veg,Dinner,No,
2254991320,2021-11-13,₹127.47,"1 x Kit Kat Waffle, 1 x Nutella Waffle",Wowffles,4,NA,19:40:00,November,Saturday,2021,Veg,Dinner,Yes,
2965673201,2021-11-11,₹111.31,2 x Desi Ghee Moong Dal Halwa,NH1 Bowls - Highway To North,4,NA,22:56:00,November,Thursday,2021,Veg,Dinner,Yes,
2306295191,2021-11-06,₹157.05,"1 x Crispy Veg Double Patty + Crispy Veg Double Patty, 1 x Crispy Veg Burger",Burger King,4.1,Quick Bites',20:01:00,November,Saturday,2021,Veg,Dinner,Yes,
3654261128,2021-11-06,₹165.45,1 x Peri Peri French Fries,Snack House,3.8,NA,1:43:00,November,Saturday,2021,Veg,Dinner,No,
3236719972,2021-11-05,₹257.60,"4 x Masala Poha, 1 x Dry Mini Kachori",Poha On Wheels,4,Quick Bites',12:30:00,November,Friday,2021,Veg,Lunch,Yes,
3368444074,2021-11-03,₹230.80,"1 x Kaju Katli, 1 x Gulab Jamun",Ahuja's Sweets,3.5,"Quick Bites', 'Sweet Shop'",10:10:00,November,Wednesday,2021,Veg,Breakfast,No,
3765340369,2021-11-01,₹215.40,1 x My Box (Veg) with Choco Sundae,Pizza Hut,3,Casual Dining',21:58:00,November,Monday,2021,Veg,Dinner,No,
3158608352,2021-11-01,₹518.80,"1 x Veggie Feast, 1 x Tandoori Onion, 1 x Creamy Garlic Breadsticks",Pizza Hut,4,Casual Dining',1:50:00,November,Monday,2021,Veg,Dinner,Yes,
2545235154,2021-10-31,₹358.70,1 x Vanilla Cake - Egg,CakeZone,3.9,NA,20:21:00,October,Sunday,2021,Veg,Dinner,No,
3811204795,2021-10-25,₹128.70,1 x Dilli Rajma Thali Meal,BOX8 - Desi Meals,4.2,NA,20:08:00,October,Monday,2021,Veg,Dinner,Yes,
2660887791,2021-10-24,₹480.97,"2 x Chicken Kassa, 11 x Chapathi",Sri Dalma,3.8,Quick Bites',21:36:00,October,Sunday,2021,Non Veg,Dinner,No,
2833972807,2021-10-17,₹142.95,1 x Sardarji's Special Non-veg Thali,Sardarji Londonwaley,3.9,NA,22:42:00,October,Sunday,2021,Veg,Dinner,No,
3830138294,2021-10-15,₹267.50,1 x Malai Barfi,Mithas,4.4,NA,12:24:00,October,Friday,2021,Veg,Lunch,Yes,
3199043801,2021-10-12,₹205.64,"1 x Special Paneer Tikka Masala, 2 x Butter Naan, 3 x Phulka",Punjabi Nawabi,4.1,Quick Bites',22:18:00,October,Tuesday,2021,Veg,Dinner,Yes,
2975740249,2021-10-10,₹324,"1 x Moroccan Spice Pasta Pizza - Veg, 1 x Veg Parcel, 1 x Tikka Masala Pasta Veg",Domino's Pizza,3.7,Quick Bites',21:12:00,October,Sunday,2021,Veg,Dinner,No,
2500677289,2021-10-04,₹165.70,"1 x Makhani waali Dal, 2 x 2 Garlic Kulcha",Kulcha Haveli,3.7,Quick Bites',16:35:00,October,Monday,2021,Veg,Snacks,No,
2530030237,2021-10-03,₹240.84,"1 x Alphonso Mango+Tender Coconut+Chocochips (100ML), 1 x French Vanilla Ice Cream 100ML, 1 x Gulab Jamun Ice Cream 100ML",NIC - Natural Ice Creams,4.6,NA,0:46:00,October,Sunday,2021,Veg,Dinner,Yes,
2888672423,2021-10-02,₹138.50,1 x Chicken Garlic Kebab Roll,Pathaan Sir,3.4,Quick Bites',14:40:00,October,Saturday,2021,Non Veg,Lunch,No,
2235310353,2021-09-30,₹225.36,"1 x Aloo Cheese Paratha, 1 x Mom's Masala Aloo Paratha",Paratha Envy,4.3,NA,11:47:00,September,Thursday,2021,Veg,Breakfast,Yes,
2723115259,2021-09-29,₹391.16,"1 x Veg Punjabi Thali, 1 x Kadai Paneer with 4 Butter Tandoori Roti",Bathinda Tandoor,3.8,Quick Bites',21:51:00,September,Wednesday,2021,Veg,Dinner,No,
2566262844,2021-09-26,₹116.63,1 x Rajma Chawal Lunchbox,LunchBox - Meals and Thalis,4.2,NA,17:12:00,September,Sunday,2021,Veg,Snacks,Yes,
2850548553,2021-09-20,₹234.88,"1 x Ghar wali Aloo Poori, 2 x Aloo Paratha",Singh Da Pind,3.7,NA,14:15:00,September,Monday,2021,Veg,Lunch,No,
2564625385,2021-09-17,₹210.12,"1 x Great Indian Veg Thali, 1 x Butter Naan",Bathinda Dine,3.8,Casual Dining',15:00:00,September,Friday,2021,Veg,Lunch,No,
2747443064,2021-09-14,₹127.62,"1 x North Indian Thali with Rasgulla Combo, 2 x Plain Paratha",Phulke Ghar Ke,4.2,Quick Bites',13:00:00,September,Tuesday,2021,Veg,Lunch,Yes,
2565573017,2021-09-02,₹190.02,"1 x Paneer Makhani Combo, 1 x Ghar wali Aloo Poori",Singh Da Pind,3.7,NA,23:22:00,September,Thursday,2021,Veg,Dinner,No,
3955873994,2021-08-28,₹138.30,"1 x Sarso Ka Saag With Makki Di Roti Meal, 1 x Makki Di Roti.",Bathinda Dine,3.8,Casual Dining',21:29:00,August,Saturday,2021,Veg,Dinner,No,
3319421442,2021-08-23,₹176.83,1 x Special Chicken Biryani Kabab Combo,Biryani Trip,4.1,NA,11:52:00,August,Monday,2021,Non Veg,Breakfast,Yes,
3307006393,2021-08-22,₹202.80,"3 x Masala Poha, 1 x Indori Poha",Poha On Wheels,4,Quick Bites',10:10:00,August,Sunday,2021,Veg,Breakfast,Yes,
2460252373,2021-08-21,₹155.38,"1 x Tawa Paneer Roll, 1 x Aloo Tikka Roll, 1 x Pulpy Grape Juice",Pathaan Sir,3.4,Quick Bites',22:04:00,August,Saturday,2021,Veg,Dinner,No,
3829924661,2021-08-15,₹307.50,"1 x Paneer Bhurji+3 Plain Paratha, 1 x Litti Chokha, 1 x North Indian Thali",Phulke Ghar Ke,4.2,Quick Bites',20:04:00,August,Sunday,2021,Veg,Dinner,Yes,
3579850647,2021-07-27,₹262.40,1 x Veg Singles Pizza Combo,Pizza Galleria,4.1,Quick Bites',18:04:00,July,Tuesday,2021,Veg,Snacks,Yes,
3420487197,2021-07-07,₹134.09,"1 x Peri Peri French Fries, 1 x Angoori Rasmalai",Snack House,3.8,NA,21:06:00,July,Wednesday,2021,Veg,Dinner,No,
3935768073,2021-07-05,₹213.26,"1 x Fried Paneer Momos [7 Pieces], 1 x Peri Peri French Fries",Snack House,3.8,NA,22:06:00,July,Monday,2021,Veg,Dinner,No,
3325158207,2021-07-04,₹217.98,1 x Special Chicken Biryani Kabab Combo,Biryani Trip,4,NA,21:10:00,July,Sunday,2021,Non Veg,Dinner,Yes,
3817837704,2021-07-04,₹495.97,1 x Boneless Special Chicken Biryani,Hyderabadi Biryani Hub,3.9,NA,14:19:00,July,Sunday,2021,Non Veg,Lunch,No,
2525333692,2021-07-04,₹216.59,"1 x Special Paneer Tikka Masala, 2 x Butter Tandoori Roti, 1 x Butter Naan, 1 x Tandoori Roti, 1 x Phulka",Punjabi Nawabi,4.1,Quick Bites',14:12:00,July,Sunday,2021,Veg,Lunch,Yes,
3219466306,2021-07-02,₹208.50,"1 x Sarso Ka Saag with Makki ki Roti and Dessert, 2 x Makki Ki Roti",Punjabi Nawabi,4.1,Quick Bites',21:07:00,July,Friday,2021,Veg,Dinner,Yes,
3878294214,2021-07-01,₹172,"1 x Death by Chocolate Sundae, 1 x Chocolate Ice Cream",Corner House Ice Creams,4.5,Dessert Parlor',23:11:00,July,Thursday,2021,Veg,Dinner,Yes,
3044346080,2021-07-01,₹481.70,1 x Funtastic4 - Veg,Pizza Hut,3.8,Casual Dining',14:39:00,July,Thursday,2021,Veg,Lunch,No,
3045093236,2021-06-26,₹156.58,1 x Rasmalai Sweet,CakeZone,3.9,NA,22:26:00,June,Saturday,2021,Veg,Dinner,No,
3617201581,2021-06-26,₹176.50,"2 x Watermelon Juice, 1 x Mango Smoothie, 1 x Masala Lime Juice, 1 x Fresh Lime Juice",Lassi Shop,4,NA,11:28:00,June,Saturday,2021,Veg,Breakfast,Yes,
3699737486,2021-06-20,₹210.40,1 x Vanilla Cake [500 gm],Mitthan Sweets and Bakers,3.9,Sweet Shop',12:36:00,June,Sunday,2021,Veg,Lunch,No,
3488403086,2021-06-17,₹235.27,"1 x Paneer Kulcha with Pindi Chole, 1 x Plain Kulcha with Dal Makhani, 1 x 2 Aloo Kulcha",Kulcha Haveli,3.7,Quick Bites',22:16:00,June,Thursday,2021,Veg,Dinner,No,
2347305665,2021-06-06,₹120.25,4 x Samosa (1pc),Chaat Street,4,Quick Bites',17:02:00,June,Sunday,2021,Veg,Snacks,Yes,
3499759637,2021-05-30,₹173.32,"2 x Ras Malai Piece, 1 x Alu Tikiya Plate, 1 x Gulab Jamun Plate, 1 x Alu Pyaz Kachori Piece, 1 x Kota Kachori Piece",Falahaar & Kota Kachori,3.9,NA,16:35:00,May,Sunday,2021,Veg,Snacks,No,
3458498950,2021-05-30,₹121,"1 x 2 Idly Vada, 1 x Masala Dosa, 1 x 2 Vada",Asha Tiffins,4.3,Quick Bites',10:51:00,May,Sunday,2021,Veg,Breakfast,Yes,
2179404558,2021-05-16,₹232.35,"1 x Paneer Manchurian [Dry], 1 x Paneer Capsicum Noodles, 1 x Chilli Garlic Noodles, 1 x Kulcha",Asha Tiffins,4.3,Quick Bites',20:33:00,May,Sunday,2021,Veg,Dinner,Yes,
3574033638,2021-05-09,₹357.50,1 x Black Forest Cake (500gms),Mumma's Bakery & Cakery,3.9,"Bakery', 'Casual Dining'",10:54:00,May,Sunday,2021,Veg,Breakfast,No,
2554576212,2021-04-25,₹522.04,"1 x Paneer Tikka Masala, 1 x Paneer Chilli, 2 x Butter Naan, 1 x Missi Roti, 1 x Tandoori Roti",Bathinda Station,4,Casual Dining',20:22:00,April,Sunday,2021,Veg,Dinner,Yes,
2714097835,2021-04-24,₹453.40,"1 x Vanilla Cake, 2 x Rasmalai Sweet",CakeZone,3.9,NA,20:41:00,April,Saturday,2021,Veg,Dinner,No,
2650422257,2021-04-05,₹187.90,"1 x Veg Meal, 1 x Paneer Mini Meal, 1 x Phulka",Indian Spice Food,3.7,Quick Bites',13:07:00,April,Monday,2021,Veg,Lunch,No,
1310116083,2021-03-28,₹159.53,3 x Masala Poha,Poha On Wheels,4.4,NA,11:47:00,March,Sunday,2021,Veg,Breakfast,Yes,
1206815622,2021-03-23,₹67.77,"2 x Potato Krunch Burger, 1 x Peri Peri Fries",Biggies Burger,3.9,Quick Bites',22:39:00,March,Tuesday,2021,Veg,Dinner,No,
2143222324,2021-03-20,₹178.08,1 x Chicken Hyderabadi Biryani,Maharaja Biryani House,3.7,Casual Dining',14:23:00,March,Saturday,2021,Non Veg,Lunch,No,
1941183815,2021-03-10,₹183.65,"1 x Paneer Kulcha with Pindi Chole, 1 x 2 Aloo Kulcha",Kulcha Haveli,3.7,Quick Bites',23:07:00,March,Wednesday,2021,Veg,Dinner,No,
2034265737,2021-02-28,₹255,"1 x Veg Punjabi Thali, 1 x Punjabi Missi Roti, 1 x Fresh Lime Water",Bathinda Tandoor,3.8,Quick Bites',14:37:00,February,Sunday,2021,Veg,Lunch,No,
1481325837,2021-02-27,₹193.94,"1 x Aloo Cheese Paratha, 1 x Angoori Rasmalai",Paratha Envy,4.3,NA,15:06:00,February,Saturday,2021,Veg,Lunch,Yes,
1406454702,2021-02-25,₹343.18,"1 x Hyderabadi Dum Biryani Rice With Panner Tikka Masala, 1 x Hyderabadi Dum Biryani Rice With Panner Handi",Basmati Biriyani Nation,3.6,NA,12:51:00,February,Thursday,2021,Veg,Lunch,No,
1310405466,2021-02-19,₹175.37,1 x Hyderabadi Dum Biryani Rice With Fried Chicken Kebab,Basmati Biriyani Nation,3.6,NA,12:51:00,February,Friday,2021,Non Veg,Lunch,No,
1820525678,2021-02-14,₹221.95,1 x Buy Four & Get Two Free Assorted Cupcakes,Cupcake Bliss Cakes & Desserts,4.2,NA,22:23:00,February,Sunday,2021,Veg,Dinner,Yes,
1860177046,2021-02-14,₹232.22,"1 x Matar Paneer with Chawal/Roti, 1 x Desi Ghee Wala Litti Chokha, 1 x Bengali Rasgulla [2 Pieces]",Eat Retreat,3.9,Quick Bites',16:24:00,February,Sunday,2021,Veg,Snacks,No,
1309427164,2021-02-13,₹167.05,1 x Chicken Tikka Masala (Special),Sardarji Londonwaley,3.9,NA,15:03:00,February,Saturday,2021,Non Veg,Lunch,No,
1463075791,2021-02-13,₹166,4 x Masala Poha,Poha On Wheels,4.4,NA,10:36:00,February,Saturday,2021,Veg,Breakfast,Yes,
1958653643,2021-02-10,₹298.08,"1 x Chicken Tikka Masala Bagara Biryani, 1 x Chicken Peri Peri Popcorn",Biryani Trip,4.1,NA,22:13:00,February,Wednesday,2021,Non Veg,Dinner,Yes,
1801789193,2021-01-31,₹273.56,"1 x Kadai Paneer, 5 x Tandoori Butter Roti, 1 x Gulab Jamun [3 Pieces]",Dilli Da Dhaba,3.8,NA,21:19:00,January,Sunday,2021,Veg,Dinner,No,
1021135274,2021-01-25,₹276.14,"1 x Hyderabadi Dum Biryani Rice With Panner Tikka Masala, 1 x Hyderabadi Dum Biryani Rice With Boneless Chicken",Basmati Biriyani Nation,3.6,NA,20:59:00,January,Monday,2021,Non Veg,Dinner,No,
1788886040,2021-01-23,₹182,"2 x Masala Poha, 2 x Indori Poha",Poha On Wheels,4.4,NA,11:03:00,January,Saturday,2021,Veg,Breakfast,Yes,
1375525266,2021-01-08,₹163.10,3 x Crispy Veg,Burger King,4.1,Quick Bites',22:12:00,January,Friday,2021,Veg,Dinner,Yes,
1737625480,2021-01-06,₹214.49,"1 x Hyderabadi Dum Biryani Rice With Boneless Chicken, 1 x Moong Dal Ka Halwa",Basmati Biriyani Nation,3.6,NA,23:42:00,January,Wednesday,2021,Non Veg,Dinner,No,
1385464931,2021-01-03,₹163.76,3 x Crispy Veg,Burger King,4.1,Quick Bites',22:53:00,January,Sunday,2021,Veg,Dinner,Yes,
1465921279,2021-01-03,₹330.66,"1 x Special Chicken Biryani, 1 x Chicken Tikka Masala Biryani",Biryani Trip,4.1,NA,16:47:00,January,Sunday,2021,Non Veg,Snacks,Yes,
1959325787,2020-12-31,₹403.05,"1 x Mix Veg Paratha, 1 x Khatta Meetha Poha, 1 x Masala Upma, 1 x Rava Idli with Sambhar and Chutney",Nashta Express,3.9,NA,10:07:00,December,Thursday,2020,Veg,Breakfast,No,
1524694043,2020-12-27,₹176.47,"1 x Kadai Paneer Meal Box, 1 x Rajma Chawal, 3 x Butter Phulka",Delhi Food Point,3.7,Quick Bites',14:00:00,December,Sunday,2020,Veg,Lunch,No,
2007609784,2020-12-26,₹414.13,1 x Nizam's Special Chicken Biryani [family],Nizam's Kitchens,3.7,Casual Dining',22:39:00,December,Saturday,2020,Non Veg,Dinner,No,
1096302106,2020-12-26,₹191.52,"1 x Pav Bhaji, 1 x Dabeli.",Chaatimes,3.6,Quick Bites',15:02:00,December,Saturday,2020,Veg,Lunch,No,
1803772877,2020-12-22,₹218.85,"1 x Special Sarso Ka Saag, 3 x Makki Ki Roti",Punjabi Nawabi,3.7,NA,22:51:00,December,Tuesday,2020,Veg,Dinner,No,
1112152913,2020-12-16,₹207.92,"1 x Kadai Paneer Meal Box, 1 x Veg Kadhai Meal Box, 1 x Roasted Papad, 1 x Phulka",Delhi Food Point,3.7,Quick Bites',13:01:00,December,Wednesday,2020,Veg,Lunch,No,
1118053548,2020-12-15,₹762.10,"1 x Murgh Tikka (Hyderabadi Chicken Tikka Biryani - Serves 1), 1 x Zaikedaar Paneer [Classic Paneer Biryani - Serves - 1]",Behrouz Biryani,4.2,NA,21:54:00,December,Tuesday,2020,Non Veg,Dinner,Yes,
1790415352,2020-12-11,₹231.32,"1 x Kadai Paneer Meal Box, 1 x Aloo Paratha Meal Box, 2 x Phulka",Delhi Food Point,3.7,Quick Bites',13:09:00,December,Friday,2020,Veg,Lunch,No,
1414155473,2020-11-26,₹105.95,1 x Alphonso Mango Ice Cream 100ml,NIC - Natural Ice Creams,4.5,NA,21:52:00,November,Thursday,2020,Veg,Dinner,Yes,
1990328705,2020-11-19,₹162.66,"1 x Sarso Ka Saag with Makki ki Roti and Dessert, 2 x Makki Ki Roti",Punjabi Nawabi,3.7,NA,15:55:00,November,Thursday,2020,Veg,Lunch,No,
2057905562,2020-11-02,₹139,1 x Pindi Chole Paratha Thali,EatFit,4,NA,13:02:00,November,Monday,2020,Veg,Lunch,Yes,
1730861359,2020-11-01,₹195.95,1 x Peppy Paneer Biryani..,The Biryani Life,4,NA,20:17:00,November,Sunday,2020,Veg,Dinner,Yes,
1453449362,2020-10-30,₹185.45,1 x Classic Chicken Biryani (Boneless).,The Biryani Life,4,NA,21:48:00,October,Friday,2020,Non Veg,Dinner,Yes,
1930024990,2020-10-27,₹156,1 x Rajma Chawal Lunchbox,LunchBox - Meals and Thalis,3.7,NA,14:06:00,October,Tuesday,2020,Veg,Lunch,No,
1239885857,2020-10-25,₹210,15 x Samosa,Prince Snacks And Chats Centre,3.3,Quick Bites',15:40:00,October,Sunday,2020,Veg,Lunch,No,
1683023572,2020-10-24,₹297.48,"1 x Special Chilli Paneer, 1 x Sarso Ka Saag with Makki ki Roti and Dessert",Punjabi Nawabi,3.7,NA,20:44:00,October,Saturday,2020,Veg,Dinner,No,
1527627129,2020-10-17,₹856.13,"1 x Exotica Paneer Pizza (11 inch), 1 x Corn Veggie Delight Pizza (11 Inch)",Ovenstory Pizza,4.3,NA,22:42:00,October,Saturday,2020,Veg,Dinner,Yes,
1833802207,2020-10-17,₹114,"1 x Paneer masala, 1 x Poori Sabji, 8 x Phulka",North Indian Tadka,3.3,NA,21:22:00,October,Saturday,2020,Veg,Dinner,No,
2056835884,2020-10-16,₹353.54,"1 x Butter Chicken with Butter Naan and Gulab Jamun, 1 x Kadai Paneer, 3 x Butter Tandoori Roti",Punjabi Nawabi,3.7,NA,21:43:00,October,Friday,2020,Non Veg,Dinner,No,
1539998676,2020-10-05,₹174.27,"1 x Sarso Ka Saag with Makki ki Roti and Dessert, 1 x Makki Ki Roti",Punjabi Nawabi,3.7,NA,20:45:00,October,Monday,2020,Veg,Dinner,No,
1812838544,2020-09-30,₹197.24,"1 x Kadai Paneer, 2 x Butter Naan, 2 x Butter Tandoori Roti",Punjabi Nawabi,3.7,NA,14:12:00,September,Wednesday,2020,Veg,Lunch,No,
1184659224,2020-09-16,₹162.27,1 x Sardarji's Special Veg Thali,Sardarji Londonwaley,3.7,NA,23:24:00,September,Wednesday,2020,Veg,Dinner,No,
1820353212,2020-08-29,₹289,"2 x Idli Vada, 1 x Rava Masala Dosa, 1 x Masala Dosa, 1 x Idli, 1 x Kesari Bath",Samskruthi Grand,4,Quick Bites',11:12:00,August,Saturday,2020,Veg,Breakfast,Yes,
1763979121,2020-08-19,₹158,"1 x Special North Meals, 1 x Paneer Chilly",Samskruthi Grand,4,Quick Bites',20:24:00,August,Wednesday,2020,Veg,Dinner,Yes,
1774177095,2020-02-15,₹297,1 x Black Forest Cake [500 grams],Daawat The Treat,4.1,Bakery',13:03:00,February,Saturday,2020,Veg,Lunch,Yes,
1279838365,2020-02-13,₹160,1 x Pepe's Pizza Bbq Chicken + Onion Pizza Meal,Pepe's Pizza,3.5,Quick Bites',16:34:00,February,Thursday,2020,Non Veg,Snacks,No,
1762468724,2019-12-22,₹304.78,"1 x Kadhai Paneer, 1 x Delhi Style Chilli Potatoes, 1 x Stuffed Kulcha, 2 x Tandoori Roti, 1 x Naan",Gabru Bistro & Cafe,3.9,Casual Dining',18:25:00,December,Sunday,2019,Veg,Snacks,No,
2008661187,2019-10-06,₹100,"1 x Puri Sabzi, 1 x Samosa",Mahadev Sweets And Chats,3.8,Sweet Shop',18:59:00,October,Sunday,2019,Veg,Snacks,No,
1905671529,2019-09-22,₹248,"1 x Paneer Chilli, 1 x Paneer Kolhapuri, 4 x Chapati",The Shack,3.6,Casual Dining',18:53:00,September,Sunday,2019,Veg,Snacks,No,
1852132138,2019-09-08,₹668,"1 x Medium pizza starting @ 219 each, 1 x Burger Pizza - Premium Veg, 1 x Onion",Domino's Pizza,4,Quick Bites',19:34:00,September,Sunday,2019,Veg,Dinner,Yes,
1745277661,2019-08-06,₹129,"2 x 2 Litti Chokha, 1 x Aloo Puri [3 Pieces]",U B City Bihari Mess,3.3,Mess',20:26:00,August,Tuesday,2019,Veg,Dinner,No,
1018718721,2019-08-05,₹108,"1 x Puri Sabzi, 1 x Samosa Chaat, 1 x Samosa Pav",Mahadev Sweets And Chats,3.8,Sweet Shop',13:54:00,August,Monday,2019,Veg,Lunch,No,
2063071389,2019-07-28,₹248.80,1 x Lazeez Bhuna Murgh Biryani (Boneless) (Regular),Behrouz Biryani,4.2,NA,20:41:00,July,Sunday,2019,Veg,Dinner,Yes,
2105067492,2019-07-08,₹109,1 x Chicken Chilli Veg noodles combo,Meal Tray,3.3,NA,1:06:00,July,Monday,2019,Non Veg,Dinner,No,
1746508806,2019-06-27,₹98.52,1 x Paneer Kadai Masala,Sammaan Restaurant,4,Casual Dining',18:26:00,June,Thursday,2019,Veg,Snacks,Yes,
1208474374,2019-06-13,₹154.54,"1 x Paneer Kadai, 4 x Chapati",Sammaan Restaurant,4,Casual Dining',19:56:00,June,Thursday,2019,Veg,Dinner,Yes,
1177879434,2019-05-15,₹90,1 x Hyderabadi Biryani Rice,The Shack,3.6,Casual Dining',19:40:00,May,Wednesday,2019,Veg,Dinner,No,
1016294023,2019-05-12,₹210,1 x Vanilla Cake [500 grams],Daawat The Treat,4.1,Bakery',12:01:00,May,Sunday,2019,Veg,Lunch,Yes,
1028041018,2019-04-28,₹402,"1 x Paneer Chilli, 1 x Paneer Noodles, 1 x Oreo Shake",Sammaan Restaurant,4,Casual Dining',19:03:00,April,Sunday,2019,Veg,Dinner,Yes,
1273899917,2019-04-21,₹145.30,4 x Crispy Veg,Burger King,4.1,Food Court',13:10:00,April,Sunday,2019,Veg,Lunch,Yes,
1651862542,2019-04-20,₹145.30,4 x Crispy Veg,Burger King,4.1,Food Court',12:38:00,April,Saturday,2019,Veg,Lunch,Yes,
1476361224,2019-04-14,₹499.65,"1 x Veg Fried Rice, 1 x Paneer Chilli, 2 x Butter Kulcha, 1 x Paneer Butter Masala",Sammaan Restaurant,4,Casual Dining',19:16:00,April,Sunday,2019,Veg,Dinner,Yes,
1669445292,2019-04-14,₹158.74,1 x Crispy Veg,Burger King,4.1,Food Court',12:53:00,April,Sunday,2019,Veg,Lunch,Yes,
1224280985,2019-03-31,₹326.40,"1 x Paneer Chilli, 2 x Roti, 2 x Butter Roti, 1 x Dal Tadka",Sammaan Restaurant,4,Casual Dining',20:48:00,March,Sunday,2019,Veg,Dinner,Yes,
1342317608,2019-02-24,₹263.13,"1 x Paneer Tlkka Masala, 2 x Butter Roti, 2 x Roti, 1 x Fry Papad",New Uncle Kitchen,4.2,Quick Bites',19:15:00,February,Sunday,2019,Veg,Dinner,Yes,
1401407521,2019-01-13,₹309.95,"2 x Butter Roti, 3 x Roti, 1 x Roasted Papad, 1 x Butter Chicken",New Uncle Kitchen,4.2,Quick Bites',19:15:00,January,Sunday,2019,Non Veg,Dinner,Yes,
1483185402,2018-12-30,₹152.25,"1 x Dal Fry, 2 x Butter Roti, 1 x Roasted Papad",New Uncle Kitchen,4.2,Quick Bites',19:24:00,December,Sunday,2018,Veg,Dinner,Yes,
1156523235,2018-12-16,₹287,"1 x Chicken Tikka, 1 x Crinkle Fries",Domino's Pizza,4.2,Quick Bites',18:28:00,December,Sunday,2018,Non Veg,Snacks,Yes,
1442227462,2018-12-02,₹371.75,"1 x Paneer Kadai, 5 x Butter Roti",New Uncle Kitchen,4.2,Quick Bites',19:11:00,December,Sunday,2018,Veg,Dinner,Yes,
1518253007,2018-11-18,₹327.90,"1 x Paneer Tikka Masala, 2 x Butter Roti, 2 x Missi Roti, 1 x Tandoori Roti",Chawla's 2 Online.com,0,NA,18:09:00,November,Sunday,2018,Veg,Snacks,No,
1141774647,2018-11-07,₹839,"1 x Coke Mobile, 1 x Farmhouse, 1 x Chicken Tikka",Domino's Pizza,4.2,Quick Bites',20:58:00,November,Wednesday,2018,Non Veg,Dinner,Yes,
1197939395,2018-10-07,₹544,1 x 2 Pizzas at 199 each Select any 2 Medium Pizzas Worth 305 @ 199 each,Domino's Pizza,4.2,Quick Bites',18:21:00,October,Sunday,2018,Veg,Snacks,Yes,